{"cameraMode":{"drawMode":0,"name":"Shaded","section":"Shading Mode"},"sceneLighting":true,"audioPlay":false,"sceneViewState":{"m_AlwaysRefresh":false,"showFog":true,"showSkybox":true,"showFlares":true,"showImageEffects":true,"showParticleSystems":true,"showVisualEffectGraphs":true,"m_FxEnabled":true},"in2DMode":false,"pivot":{"x":1.7461891174316407,"y":5.583278656005859,"z":2.083770751953125},"rotation":{"x":-0.20848946273326875,"y":0.050443269312381747,"z":-0.010763747617602349,"w":-0.976689875125885},"size":27.33072853088379,"orthographic":false}