{"cameraMode":{"drawMode":0,"name":"Shaded","section":"Shading Mode"},"sceneLighting":true,"audioPlay":false,"sceneViewState":{"m_AlwaysRefresh":false,"showFog":true,"showSkybox":true,"showFlares":true,"showImageEffects":true,"showParticleSystems":true,"showVisualEffectGraphs":true,"m_FxEnabled":true},"in2DMode":false,"pivot":{"x":0.31509703397750857,"y":1.7426605224609376,"z":-0.34906435012817385},"rotation":{"x":-0.1686173975467682,"y":0.2617776691913605,"z":-0.04649949073791504,"w":-0.9491908550262451},"size":8.381278038024903,"orthographic":false}