{"cameraMode":{"drawMode":0,"name":"Shaded","section":"Shading Mode"},"sceneLighting":true,"audioPlay":false,"sceneViewState":{"m_AlwaysRefresh":false,"showFog":true,"showSkybox":true,"showFlares":true,"showImageEffects":true,"showParticleSystems":true,"showVisualEffectGraphs":true,"m_FxEnabled":true},"in2DMode":false,"pivot":{"x":0.006760716438293457,"y":2.094844102859497,"z":-0.04275360703468323},"rotation":{"x":-0.19496385753154756,"y":0.17605647444725038,"z":-0.035615675151348117,"w":-0.9642799496650696},"size":8.124152183532715,"orthographic":false}